[
{
  "id": 2,
  "title": "How to Cook the Perfect Steak Every Time",
  "slug": "perfect-steak-cooking-tips",
  "author": "Michael Brown",
  "date": "2025-08-30",
  "views": 1800,
  "category": "Cooking Tips",
  "rating": 4.6,
  "ratingCount": 9,
  "cover": "images/blog/steak_cover.jpg",
  "content": [
    {
      "type": "paragraph",
      "text": "Cooking a perfect steak is an art that combines the right cut, proper preparation, and precise cooking techniques. Whether you're grilling for a special occasion or preparing a weeknight dinner, mastering these steps ensures a juicy, flavorful steak that rivals restaurant quality. With a few tips and high-quality ingredients, anyone can achieve steak perfection at home."
    },
    {
      "type": "heading",
      "text": "What You Will Learn in This Article"
    },
    {
      "type": "list",
      "items": [
        "Selecting the Best Steak Cuts",
        "Perfect Cooking Techniques",
        "Pairing and Serving Tips",
        "Shop Our Premium Steaks"
      ]
    },
    {
      "type": "heading",
      "text": "Choosing and Preparing Your Steak"
    },
    {
      "type": "paragraph",
      "text": "The journey to a perfect steak begins with selecting the right cut. Ribeye, with its rich marbling, delivers bold flavor and juiciness, while sirloin offers a leaner yet tender bite, and filet mignon is prized for its buttery texture. Look for cuts with visible marbling, as the fat enhances flavor and tenderness. Bringing the steak to room temperature for about 30 minutes before cooking ensures even heat distribution, preventing a tough or unevenly cooked result."
    },
    {
      "type": "paragraph",
      "text": "Seasoning is a critical step to elevate the steak’s natural flavors. Generously apply kosher salt and freshly ground black pepper at least 40 minutes before cooking to allow the salt to penetrate and tenderize the meat. For added depth, consider a marinade with olive oil, garlic, and fresh herbs like rosemary or thyme. Alternatively, a dry rub with spices like smoked paprika or cumin can create a flavorful crust when seared."
    },
    {
      "type": "paragraph",
      "text": "Quality matters when choosing your steak. Grass-fed beef often has a richer flavor profile and higher omega-3 content compared to grain-fed varieties. Opting for organic or locally sourced cuts ensures fewer additives and a cleaner taste. At our store, we offer premium cuts like grass-fed ribeye and organic sirloin to help you start with the best ingredients."
    },
    {
      "type": "image",
      "src": "images/blog/steak_grill.jpg",
      "alt": "Juicy steak on a grill"
    },
    {
      "type": "heading",
      "text": "Mastering Cooking Techniques"
    },
    {
      "type": "paragraph",
      "text": "Achieving the perfect doneness requires precision, and a meat thermometer is your best tool: aim for 130°F for medium-rare, 140°F for medium, or 160°F for well-done. Start with a high-heat sear to create a caramelized, flavorful crust—about 2-3 minutes per side in a hot cast-iron skillet or on a grill. Then, finish cooking at a lower temperature, either in the oven or on a cooler part of the grill, to ensure the interior cooks evenly without drying out."
    },
    {
      "type": "paragraph",
      "text": "Resting the steak after cooking is non-negotiable. Let it sit under loose foil for 5-10 minutes to allow the juices to redistribute, ensuring a tender and succulent bite. During this time, you can enhance the flavor with a finishing touch, such as a pat of herb-infused butter, a drizzle of balsamic glaze, or a sprinkle of flaky sea salt. These small additions elevate the steak to a restaurant-quality experience."
    },
    {
      "type": "paragraph",
      "text": "Different cooking methods can suit your preferences and equipment. Pan-searing is ideal for a quick, crispy crust, while reverse-searing (starting in a low oven and finishing with a sear) ensures precise doneness for thicker cuts. Grilling adds a smoky flavor, perfect for outdoor cooking. Experiment with these techniques to find your favorite, and always use high-quality cuts for the best results."
    },
    {
      "type": "image",
      "src": "images/blog/steak_sliced.jpg",
      "alt": "Sliced steak with herbs"
    },
    {
      "type": "heading",
      "text": "Pairing and Serving for Maximum Enjoyment"
    },
    {
      "type": "paragraph",
      "text": "The perfect steak experience extends beyond cooking to how you pair and serve it. Complement your steak with sides that balance its richness, such as roasted vegetables, a crisp green salad, or creamy mashed potatoes. A robust red wine, like a Cabernet Sauvignon, or a light, citrusy beer can enhance the meal’s flavors, creating a harmonious dining experience."
    },
    {
      "type": "paragraph",
      "text": "Presentation matters as much as taste. Slice your steak against the grain for maximum tenderness and arrange it elegantly on the plate with a garnish of fresh herbs or a drizzle of sauce. For a special touch, serve with a homemade chimichurri or peppercorn sauce to elevate the flavors. These thoughtful pairings and presentations turn a simple steak into a memorable meal."
    },
    {
      "type": "paragraph",
      "text": "With these tips, you can confidently cook a restaurant-quality steak at home. Pair your steak with the right sides and sauces to create a complete dining experience. Visit our store for premium steak cuts, from grass-fed ribeye to organic sirloin, and start creating unforgettable meals today."
    }
  ]
},

{
  "id": 3,
  "title": "How to Choose High-Quality Meat for Your Meals",
  "slug": "choosing-quality-meat",
  "author": "Sarah Davis",
  "date": "2025-08-28",
  "views": 1600,
  "category": "Shopping Guide",
  "rating": 4.7,
  "ratingCount": 10,
  "cover": "images/blog/meat_quality_cover.jpg",
  "content": [
    {
      "type": "paragraph",
      "text": "Selecting high-quality meat is the foundation of a delicious and nutritious meal. The right choice can elevate your dishes, ensuring rich flavor, tenderness, and health benefits. By focusing on factors like appearance, sourcing, and certifications, you can confidently pick the best cuts for your kitchen."
    },
    {
      "type": "heading",
      "text": "What You Will Learn in This Article"
    },
    {
      "type": "list",
      "items": [
        "Identifying Quality Meat",
        "Understanding Labels and Certifications",
        "Sourcing from Trusted Suppliers",
        "Shop Our Premium Meat Selection"
      ]
    },
    {
      "type": "heading",
      "text": "Identifying Quality Meat"
    },
    {
      "type": "paragraph",
      "text": "The first step in choosing high-quality meat is evaluating its appearance and texture. Look for vibrant colors: bright red for beef, pinkish-red for pork, and pale pink or white for poultry. The meat should have a fresh, clean smell with no off-putting odors. For lean cuts, minimal fat marbling is ideal, while cuts like ribeye benefit from even, fine marbling to enhance flavor and juiciness."
    },
    {
      "type": "paragraph",
      "text": "Texture is equally important. High-quality meat feels firm yet slightly springy to the touch, not slimy or sticky. Avoid cuts with excessive liquid in the packaging, as this can indicate improper storage or lower quality. Checking the sell-by date ensures freshness, but buying from a reputable butcher or store with high turnover is even better for guaranteed quality."
    },
    {
      "type": "paragraph",
      "text": "When possible, inspect the meat closely. Grass-fed beef, for example, often has a slightly darker hue due to its diet, while organic poultry may appear more natural in color compared to conventionally raised options. Taking the time to assess these visual and tactile cues will help you select cuts that deliver on taste and nutrition."
    },
    {
      "type": "image",
      "src": "images/blog/meat_selection.jpg",
      "alt": "Fresh meat cuts on display"
    },
    {
      "type": "heading",
      "text": "Understanding Labels and Certifications"
    },
    {
      "type": "paragraph",
      "text": "Labels like 'grass-fed,' 'organic,' or 'free-range' provide valuable insights into the meat’s quality and production methods. Grass-fed meats, particularly beef, often contain higher levels of omega-3 fatty acids and antioxidants, offering health benefits like reduced inflammation. Organic meats are free from antibiotics, hormones, and synthetic pesticides, making them a cleaner choice for health-conscious consumers."
    },
    {
      "type": "paragraph",
      "text": "Certifications from trusted organizations, such as USDA Organic or American Grassfed Association, ensure the meat meets strict standards. However, terms like 'natural' can be misleading, as they don’t always guarantee ethical or high-quality practices. Reading labels carefully and researching certifications can help you make informed decisions about the meat you buy."
    },
    {
      "type": "paragraph",
      "text": "Beyond health benefits, choosing certified meats supports sustainable and ethical farming practices. For example, pasture-raised animals often have better living conditions, which can improve meat quality and flavor. By prioritizing certified options, you’re investing in both your health and environmentally responsible practices."
    },
    {
      "type": "image",
      "src": "images/blog/organic_meat.jpg",
      "alt": "Organic beef package"
    },
    {
      "type": "heading",
      "text": "Sourcing from Trusted Suppliers"
    },
    {
      "type": "paragraph",
      "text": "The source of your meat significantly impacts its quality. Local farms and butchers often provide fresher cuts with transparent production methods. Building a relationship with a trusted supplier allows you to ask questions about the meat’s origin, feed, and processing, ensuring you get the best product for your money."
    },
    {
      "type": "paragraph",
      "text": "When shopping, consider stores that partner with reputable farms. Our store, for instance, collaborates with local, sustainable farms to offer premium cuts like grass-fed beef and organic poultry. These partnerships guarantee freshness and quality, giving you peace of mind that your meat is both delicious and responsibly sourced."
    },
    {
      "type": "paragraph",
      "text": "For convenience, explore online retailers with strong reputations for quality and delivery standards. Look for detailed product descriptions, customer reviews, and clear sourcing information. By choosing trusted suppliers, you ensure that every meal starts with the highest-quality meat, elevating both flavor and nutrition."
    },
    {
      "type": "paragraph",
      "text": "Choosing high-quality meat is a skill that enhances every meal. By focusing on appearance, understanding labels, and sourcing from reliable suppliers, you can bring the best cuts to your table. Visit our store to explore our range of premium, responsibly sourced meats and start creating healthier, tastier dishes today."
    }
  ]
},

{
  "id": 1,
  "title": "Why Lean Meat is Key to a Healthy Diet",
  "slug": "benefits-of-lean-meat",
  "author": "Emma Johnson",
  "date": "2025-09-01",
  "views": 2450,
  "category": "Nutrition",
  "rating": 4.8,
  "ratingCount": 12,
  "cover": "images/blog/lean_meat_cover.jpg",
  "content": [
    {
      "type": "paragraph",
      "text": "Lean meat is a powerhouse of nutrition, making it a cornerstone of a balanced and healthy diet. Whether you're aiming to build muscle, manage your weight, or simply eat better, lean meats like chicken breast, turkey, or lean cuts of beef offer a wealth of benefits in just a few bites."
    },
    {
      "type": "heading",
      "text": "Packed with Protein and Nutrients"
    },
    {
      "type": "paragraph",
      "text": "Lean meats deliver high-quality protein, essential for muscle growth, tissue repair, and overall body function. A 100-gram serving of grilled chicken breast provides around 31 grams of protein, packed with all the essential amino acids your body needs. Beyond protein, lean meats are rich in nutrients like iron, which supports oxygen transport, and zinc, which boosts immunity. B vitamins, especially B12 found in poultry and pork, keep your energy levels steady and nerves healthy."
    },
    {
      "type": "paragraph",
      "text": "Additionally, lean meats are incredibly versatile, making it easy to incorporate them into various dishes. From stir-fries to salads, their nutrient density ensures you’re getting maximum health benefits without excess calories. For example, lean pork tenderloin is not only a great protein source but also provides selenium, an antioxidant that supports thyroid function and immune health."
    },
    {
      "type": "image",
      "src": "images/blog/lean_meat_meal.jpg",
      "alt": "Grilled chicken breast with vegetables"
    },
    {
      "type": "heading",
      "text": "Heart-Healthy and Weight-Friendly"
    },
    {
      "type": "paragraph",
      "text": "Unlike fattier cuts, lean meats are low in saturated fat, helping you maintain heart health without sacrificing flavor. The American Heart Association recommends lean proteins to lower cholesterol and reduce heart disease risk. Lean meats also promote satiety, keeping you full longer and curbing snack cravings. Their high protein content can boost metabolism, burning extra calories during digestion."
    },
    {
      "type": "paragraph",
      "text": "Incorporating lean meats into your diet can also simplify meal planning. Opting for high-quality cuts like grass-fed beef or organic poultry ensures you’re getting cleaner, nutrient-rich options. These choices often have higher levels of omega-3 fatty acids, which further support heart health and reduce inflammation. Pairing lean meats with fiber-rich vegetables or whole grains creates balanced meals that keep you energized and satisfied."
    },
    {
      "type": "paragraph",
      "text": "For those focused on weight management, lean meats are a game-changer. Studies suggest that high-protein foods increase the thermic effect of food, meaning your body burns more calories processing them. A simple swap, like choosing lean turkey over processed meats, can make a big difference in achieving your health goals without feeling deprived."
    },
    {
      "type": "image",
      "src": "images/blog/protein_plate.jpg",
      "alt": "Plate of lean beef with salad"
    },
    {
      "type": "paragraph",
      "text": "In short, lean meats are a versatile and nutrient-dense addition to any diet. Grill or bake them with herbs for a delicious, healthy meal that fuels your body and supports your goals. With lean meat, eating well is both simple and satisfying."
    }
  ]
}
]